English,Hindi,Marathi,Bengali,Malayalam
Yes,हाँ,होय,হ্যাঁ,അതെ,
Marathi,मराठी,मराठी,মারাঠি, മറാത്തി
Hindi,हिंदी,हिंदी,হিন্দি, ഹിന്ദി
Bengali,बंगाली,बंगाली,বাংলা,ബംഗാളി
no,नहीं,नाही,না,ഇല്ല
yes,हाँ,होय,হ্যাঁ,അതെ
No,नहीं,नाही,না,ഇല്ല
Male,पुल्लिंग,नर,পুরুষ,ആൺ
Female,स्त्रीलिंग,स्त्री,মহিলা,പെൺ
Others,अन्य,इतर,অন্যান্য,മറ്റുള്ളവർ
Industry,उद्योग,उद्योग,শিল্প,വ്യവസായം
Agriculture,कृषि,शेती,কৃষি,കൃഷി
Mining,खनन,खाण,খনির,ഖനനം
Households & buildings,घर और इमारतें,घरे आणि इमारती,গৃহস্থালী এবং বিল্ডিং,വീടുകളും കെട്ടിടങ്ങളും
Unemployed,बेरोज़गार,बेरोजगार,বেকার,തൊഴിലില്ലാത്തവർ
Jammu And Kashmir,जम्मू और कश्मीर,जम्मू और कश्मीर,জম্মু ও কাশ্মীর,ജമ്മു കശ്മീർ
Himachal Pradesh,हिमाचल प्रदेश,हिमाचल प्रदेश,হিমাচল প্রদেশ,ഹിമാചൽ പ്രദേശ്
Punjab,पंजाब,पंजाब,পাঞ্জাব,പഞ്ചാബ്
Uttarakhand,उत्तराखंड,उत्तराखंड,উত্তরাখণ্ড,ഉത്തരാഖണ്ഡ്
Chandigarh,चंडीगढ़,चंडीगढ़,চণ্ডীগড়,ചണ്ഡിഗഡ്
Haryana,हरियाणा,हरियाणा,হরিয়ানা,ഹരിയാന
Delhi,दिल्ली,दिल्ली,দিল্লি,ദില്ലി
Rajasthan,राजस्थान,राजस्थान,রাজস্থান,രാജസ്ഥാൻ
Uttar Pradesh,उत्तर प्रदेश,उत्तर प्रदेश,উত্তর প্রদেশ,ഉത്തർപ്രദേശ്
Bihar,बिहार,बिहार,বিহার,ബീഹാർ
Sikkim,सिक्किम,सिक्किम,সিকিম,സിക്കിം
Arunachal Pradesh,अरुणाचल प्रदेश,अरुणाचल प्रदेश,অরুণাচল প্রদেশ,അരുണാചൽ പ്രദേശ്
Nagaland,नगालैंड,नगालैंड,নাগাল্যান্ড,നാഗാലാൻഡ്
Manipur,मणिपुर,मणिपुर,মণিপুর,മണിപ്പൂർ
Mizoram,मिजोरम,मिजोरम,মিজোরাম,മിസോറം
Meghalaya,मेघालय,मेघालय,মেঘালয়,മേഘാലയ
Assam,असम,असम,আসাম,അസം
West Bengal,पश्चिम बंगाल,पश्चिम बंगाल,পশ্চিমবঙ্গ,പശ്ചിമ ബംഗാൾ
Jharkhand,झारखंड,झारखंड,ঝাড়খণ্ড,
Odisha,ओडिशा,ओडिशा,ওড়িশা,ഒഡീഷ
Chhattisgarh,छत्तीसगढ़,छत्तीसगढ़,ছত্তীসগ,ഛത്തീസ്ഗ
Madhya Pradesh,मध्य प्रदेश,मध्य प्रदेश,মধ্য প্রদেশ,മധ്യപ്രദേശ്
Gujarat,गुजरात,गुजरात,গুজরাট,ഗുജറാത്ത്
Maharashtra,महाराष्ट्र,महाराष्ट्र,মহারাষ্ট্র,മഹാരാഷ്ട്ര
Andhra Pradesh,आंध्र प्रदेश,आंध्र प्रदेश,অন্ধ্র প্রদেশ,ആന്ധ്രപ്രദേശ്
Karnataka,कर्नाटक,कर्नाटक,কর্ণাটক,കർണാടക
Goa,गोवा,गोवा,গোয়া,ഗോവ
Lakshadweep,लक्षद्वीप,लक्षद्वीप,লক্ষদ্বীপ,ലക്ഷദ്വീപ്
Kerala,केरल,केरल,কেরালা,കേരളം
Tamil Nadu,तमिलनाडु,तमिलनाडु,তামিলনাড়ু,തമിഴ്‌നാട്
Puducherry,पुडुचेरी,पुडुचेरी,পুডুচেরি,പുതുച്ചേരി
Andaman And Nicobar Islands,अंडमान व नोकोबार द्वीप समूह,अंडमान व नोकोबार द्वीप समूह,আন্দামান নিকোবর দ্বীপপুঞ্জ,ആൻഡമാൻ നിക്കോബാർ ദ്വീപുകൾ
Telangana,तेलंगाना,तेलंगाना,তেলেঙ্গানা,തെലങ്കാന
Ladakh,लद्दाख,लद्दाख,লাদাখ,ലഡാക്ക്
The Dadra And Nagar Haveli And Daman And Diu,द दादरा और नगर हवेली और दमन और दीव,द दादरा और नगर हवेली और दमन और दीव,দাদ্রা অ্যান্ড নগর হাভেলি এবং দামান ও দিউ,ദാദ്രയും നഗർ ഹവേലിയും ദാമനും ഡിയുവും
,,,
Anantnag,अनंतनाग,अनंतनाग,অনন্তনাগ,അനന്ത്നാഗ്
Bandipora,बांदीपोरा,बांदीपोरा,বন্দিপোড়া,ബന്ദിപ്പോറ
Baramulla,बारामूला,बारामूला,বড়ামুল্লা,ബാരാമുള്ള
Budgam,बुड़गम,बुड़गम,বাডগাম,ബുഡ്ഗാം
Doda,डोडा,डोडा,ডোদা,ഡോഡ
Ganderbal,गांदरबल,गांदरबल,গেন্ডারবল,ഗണ്ടർബാൽ
Jammu,जम्मू,जम्मू,জম্মু,ജമ്മു
Kathua,कठुआ,कठुआ,কাঠুয়া,കതുവ
Kishtwar,किश्तवाड़,किश्तवाड़,কিশতওয়ার,കിഷ്ത്വാർ
Kulgam,कुलगाम,कुलगाम,কুলগাম,കുൽഗാം
Kupwara,कुपवाड़ा,कुपवाड़ा,কুপওয়ারা,കുപ്വാര
Poonch,पूंछ,पूंछ,পুঞ্চ,പൂഞ്ച്
Pulwama,पुलवामा,पुलवामा,পুলওয়ামা,പുൽവാമ
Rajouri,राजौरी,राजौरी,রাজৌরি,രാജൗരി
Ramban,रामबाण,रामबाण,রামবান,രാംബാൻ
Reasi,रियासी,रियासी,রিয়াসি,റിയാസി
Samba,सांबा,सांबा,সাম্বা,സാംബ
Shopian,शोपियां,शोपियां,শপিয়ান,ഷോപ്പിയൻ
Srinagar,श्रीनगर,श्रीनगर,শ্রীনগর,ശ്രീനഗർ
Udhampur,उधमपुर,उधमपुर,উধামপুর,ഉദാംപൂർ
,,,
Bilaspur,बिलासपुर,बिलासपुर,বিলাসপুর,ബിലാസ്പൂർ
Chamba,चंबा,चंबा,চাম্বা,ചമ്പ
Hamirpur,हमीरपुर,हमीरपुर,হামিরপুর,ഹാമിർപൂർ
Kangra,कांगड़ा,कांगड़ा,কংরা,കാൻഗ്ര
Kinnaur,किन्नौर,किन्नौर,কিন্নর
Kullu,कुल्लू,कुल्लू,কুল্লু,കുളു
Lahul And Spiti,लाहौल एवं स्पीति,लाहौल एवं स्पीति,লাহুল অ্যান্ড স্পিটি,ലാഹുലും സ്പിതിയും
Mandi,मंडी,मंडी,মান্ডি,മണ്ഡി
Shimla,शिमला,शिमला,সিমলা,ഷിംല
Sirmaur,सिरमौर,सिरमौर,সিরমৌর,സിർമോർ
Solan,सोलन,सोलन,সোলান,സോളൻ
Una,ऊना,ऊना,উনা,ഉന
,,,
Amritsar,अमृतसर,अमृतसर,অমৃতসর,അമൃത്സർ
Barnala,बरनाला,बरनाला,বার্নালা,ബർണാല
Bathinda,बठिंडा,बठिंडा,বাথিন্ডা,ബതിന്ദ
Faridkot,फरीदकोट,फरीदकोट,ফরিদকোট,ഫരീദ്‌കോട്ട്
Fatehgarh Sahib,फतेहगढ़ साहिब,फतेहगढ़ साहिब,ফতেহগড় সাহেব,ഫത്തേഗ h ് സാഹിബ്
Fazilka,फाजिल्का,फाजिल्का,ফাজিলকা,ഫാസിൽക്ക
Firozepur,फिरोजपुर,फिरोजपुर,ফিরোজপুর,ഫിറോസ്പൂർ
Gurdaspur,गुरदासपुर,गुरदासपुर,গুরুদাসপুর,ഗുരുദാസ്പൂർ
Hoshiarpur,होशियारपुर,होशियारपुर,হোশিয়ারপুর,ഹോഷിയാർപൂർ
Jalandhar,जालंधर,जालंधर,জলন্ধর,ജലന്ധർ
Kapurthala,कपूरथला,कपूरथला,কপূরতলা,കപൂർത്തല
Ludhian,लुधियाना,लुधियाना,লুধিয়ানা,ലുധിയാന
Mansa,मानसा,मानसा,মনসা,മൻസ
Moga,मोगा,मोगा,মোগা,മോഗ
Pathankot,पठानकोट,पठानकोट,পাঠানকোট,പത്താൻ‌കോട്ട്
Patiala,पटियाला,पटियाला,পতিয়ালা,പട്യാല
Rupnagar,रूपनगर,रूपनगर,রূপনগর,രൂപനഗർ
Sangrur,संगरूर,संगरूर,সংগ্রামুর,സംഗ്രൂർ
S.A.S Nagar,शहीद भगतसिंहनगर,शहीद भगतसिंहनगर,এস.এ.এস নগর,ഷഹീദ് ഭഗത് സിംഗ് നഗർ
Shahid Bhagat Singh Nagar,शहीद भगत सिंह नगर,शहीद भगत सिंह नगर,শহীদ ভগত সিং নগর,ഷഹീദ് ഭഗത് സിംഗ് നഗർ
Sri Muktsar Sahib,श्री मुक्तसर साहिब,श्री मुक्तसर साहिब,শ্রী মুক্তসর সাহেব,ശ്രീ മുക്തർ സാഹിബ്
Tarn Taran,तरनतारन,तरनतारन,তারান তারান,കളങ്കപ്പെടുത്തുക
,,,
Chandigarh,चंडीगढ़,चंडीगढ़,চণ্ডীগড়,ചണ്ഡിഗഡ്
,,,
Almora,अल्मोड़ा,अल्मोड़ा,আলমোড়া,അൽമോറ
Bageshwar,बागेश्वर,बागेश्वर,বাগেশ্বর,ബാഗേശ്വർ
Chamoli,चमोली,चमोली,চামোলি,ചമോലി
Champawat,चम्पावत,चम्पावत,চম্পাওয়াত,ചമ്പാവത്ത്
Dehradun,देहरादून,देहरादून,দেরাদুন,ഡെറാഡൂൺ
Haridwar,हरिद्वार,हरिद्वार,হরিদ্বার,ഹരിദ്വാർ
Nainital,नैनीताल,नैनीताल,নৈনিতাল,നൈനിറ്റൽ
Pauri Garhwal,पौड़ी गढ़वाल,पौड़ी गढ़वाल,পাউড়ি গড়ওয়াল,പൗരി ഗർവാൾ
Pithoragarh,पिथौरागढ़,पिथौरागढ़,পিঠোরাগড়,പിത്തോറഗഡ്
Rudra Prayag,रूद्र प्रयाग,रूद्र प्रयाग,রুদ্র প্রয়াগ,രുദ്ര പ്രയാഗ്
Tehri Garhwal,टिहरी गढ़वाल,टिहरी गढ़वाल,তেহরি গড়ওয়াল,തെഹ്രി ഗർവാൾ
Udam Singh Nagar,उद्यम सिंह नगर,उद्यम सिंह नगर,উদম সিং নগর,ഉദയം സിംഗ് നഗർ
Uttar Kashi,उत्तर काशी,उत्तर काशी,উত্তর কাশী,ഉത്തരകാഷി
,,,
Ambala,अंबाला,अंबाला,আম্বালা,അംബാല
Bhiwani,भिवानी,भिवानी,ভবানী,ഭിവാനി
Charki Dadri,चरखी दादरी,चरखी दादरी,চরকি দাদরি,ചാർക്കി ദാദ്രി
Faridabad,फरीदाबाद,फरीदाबाद,ফরিদাবাদ,ഫരീദാബാദ്
Fatehabad,फतेहाबाद,फतेहाबाद,ফতেহবাদ,ഫത്തേഹാബാദ്
Gurugram,गुरुग्राम,गुरुग्राम,গুরুগ্রাম,ഗുരുഗ്രാം
Hisar,हिसार,हिसार,হিসার,ഹിസാർ
Jhajjar,झज्जर,झज्जर,ঝাজার,ജജ്ജർ
Jind,जींद,जींद,জিন্ড,ജിന്ദ്
Kaithal,कैथल,कैथल,কৈথাল,കൈതാൽ
Karnal,कर्नल,कर्नल,কর্ণাল,കേണൽ
Kurukshetra,कुरुक्षेत्र,कुरुक्षेत्र,কুরুক্ষেত্র,കുരുക്ഷേത്ര
Mahendragarh,महेंद्रगढ़,महेंद्रगढ़,মহেন্দ্রগড়,മഹേന്ദ്രഗഡ്
Nuh,नूह,नूह,নূহ,നോഹ
Palwal,पलवल,पलवल,পালওয়াল,പൽവാൽ
Panchkula,पंचकुला,पंचकुला,পাঁচকুলা,പഞ്ചകുല
Panipat,पानीपत,पानीपत,পানিপাত,പാനിപ്പറ്റ്
Rewari,रेवाड़ी,रेवाड़ी,রেওয়াড়ি,രേവാരി
Rohtak,रोहतक,रोहतक,রোহটক,റോഹ്തക്
Sirsa,सिरसा,सिरसा,সিরসা,സിർസ
Sonipat,सोनीपत,सोनीपत,পাট,സോണിപത്
Yamunanagar,यमुनानगर,यमुनानगर,যমুনানগর,യമുനാനഗർ
,,,
Central,केंद्रीय,केंद्रीय,কেন্দ্রীয়,സെൻട്രൽ
East,पूर्व,पूर्व,পূর্ব,കിഴക്ക്
New Delhi,नई दिल्ली,नई दिल्ली,নতুন দিল্লি,ന്യൂ ഡെൽഹി
North,उत्तर,उत्तर,উত্তর,ഉത്തരം
North East,पूर्वोत्तर,पूर्वोत्तर,উত্তর পূর্ব,വടക്കുകിഴക്ക്
North West,उत्तर पश्चिम,उत्तर पश्चिम,উত্তর পশ্চিম,വടക്ക് പടിഞ്ഞാറു
Shahdara,शाहदरा,शाहदरा,শাহদারা,ഷഹദാര
South,दक्षिण,दक्षिण,দক্ষিণ,തെക്ക്
South East,दक्षिण पूर्व,दक्षिण पूर्व,দক্ষিণ পূর্ব,സൗത്ത് ഈസ്റ്റ്
South West,दक्षिण पश्चिम,दक्षिण पश्चिम,দক্ষিণ পশ্চিম,സൗത്ത് വെസ്റ്റ്
West,पश्चिम,पश्चिम,পশ্চিম,പടിഞ്ഞാറ്
,,,
Ajmer,अजमेर,अजमेर,আজমির,അജ്മീർ
Alwar,अलवर,अलवर,আলওয়ার,അൽവാർ
Banswara,बांसवाड़ा,बांसवाड़ा,বাঁশওয়ারা,ബൻസ്വര
Baran,बरन,बरन,বারান,ബാരൻ
Barmer,बाड़मेर,बाड़मेर,বার্মার,ബാർമർ
Bharatpur,भरतपुर,भरतपुर,ভরতপুর,ഭരത്പൂർ
Bhilwara,भीलवाड़ा,भीलवाड़ा,ভিলওয়ারা,ഭിൽവാര
Bikaner,बीकानेर,बीकानेर,বিকানার,ബിക്കാനീർ
Bundi,बूंदी,बूंदी,বুন্দি,ബുണ്ടി
Chittorgarh,चित्तौड़गढ़,चित्तौड़गढ़,চিতোরগড়,ചിറ്റോർഗഡ്
Churu,चूरू,चूरू,চুরু,ചുരു
Dausa,दौसा,दौसा,দৌসা
Dholpur,धौलपुर,धौलपुर,ধোলপুর,ധോൽപൂർ
Dungarpur,डूंगरपुर,डूंगरपुर,ডুঙ্গারপুর,ദുൻഗർപൂർ
Ganganagar,गंगानगर,गंगानगर,গঙ্গানগর,ഗംഗനഗർ
Hanumangarh,हनुमानगढ़,हनुमानगढ़,হনুমানগড়,ഹനുമാൻഗഡ്
Jaipur,जयपुर,जयपुर,জয়পুর,ജയ്പൂർ
Jaisalmer,जैसलमेर,जैसलमेर,জয়সালমির,ജയ്സാൽമർ
Jalore,जालोर,जालोर,জালোর,ജലൂർ
Jhalawar,झालावाड़,झालावाड़,ঝালওর,ജലവാർ
Jhunjhunu,झुंझुनू,झुंझुनू,ঝুনঝুনু,ജുഞ്ജുനു
Jodhpur,जोधपुर,जोधपुर,যোধপুর,ജോധ്പൂർ
Karauli,करौली,करौली,করুলি,കരൗലി
Kota,कोटा,कोटा,কোটা,കോട്ട
Nagaur,नागौर,नागौर,নাগৌর,നഗർ
Pali,पाली,पाली,পালি,പാലി
Pratapgarh,प्रतापगढ़,प्रतापगढ़,প্রতাপগড়,പ്രതാപ്ഗഡ്
Rajsamand,राजसमंद,राजसमंद,রাজসমন্দ,രാജ്സമന്ദ്
Sawai Madhopur,सवाई माधोपुर,सवाई माधोपुर,সওয়াই মাধোপুর,സവായ് മാധോപൂർ
Sikar,शिकार,शिकार,সিকার,സിക്കാർ
Sirohi,सिरोही,सिरोही,সিরোহি,സിറോഹി
Tonk,टोंक,टोंक,টঙ্ক,ടോങ്ക്
Udaipur,उदयपुर,उदयपुर,উদয়পুর,ഉദയ്പൂർ
,,,
Agra,आगरा,आगरा,আগ্রা,ആഗ്ര
Aligarh,अलीगढ़,अलीगढ़,আলীগড়,അലിഗഡ്
Ambedkar Nagar,आंबेडकर नगर,आंबेडकर नगर,আম্বেদকর নগর,അംബേദ്കർ നഗർ
Amethi,अमेठी,अमेठी,আমেঠি,അമേത്തി
Amroha,अमरोहा,अमरोहा,আমরোহা,അമ്രോഹ
Auraiya,औरैया,औरैया,আড়াইাইয়া
Ayodhya,अयोध्या,अयोध्या,অযোধ্যা,അയോദ്ധ്യ
Azamgarh,आजमगढ़,आजमगढ़,আজমগড়,ആസംഗഡ്
Baghpat,बाघपत,बाघपत,বাগপত,ബാഗ്പത്
Bahraich,बहराइच,बहराइच,বাহরাইচ,ബഹ്‌റൈച്ച്
Ballia,बल्लीअ,बल्लीअ,বলিয়া,ബാലിയ
Balrampur,बलरामपुर,बलरामपुर,বলরামপুর,ബൽ‌റാംപൂർ
Banda,बांदा,बांदा,বান্দা,ബന്ദ
Barabanki,बाराबंकी,बाराबंकी,বড়বাঙ্কি,ബരാബങ്കി
Bareilly,बरेली,बरेली,বেরিলি,ബറേലി
Basti,बस्ती,बस्ती,বাসতি,ബസ്തി
Bhadohi,भदोही,भदोही,ভাদোহি,ഭാദോഹി
Bijnor,बिजनौर,बिजनौर,বিজনোর,ബിജ്‌നോർ
Budaun,बदायूँ,बदायूँ,বুদুন,ബദൻ
Bulandshahr,बुलंदशहर,बुलंदशहर,বুলান্দশহর,ബുലന്ദ്‌ഷഹർ
Chandauli,चंदौली,चंदौली,চান্দৌলি,ചന്ദൗലി
Chitrakoot,चित्रकूट,चित्रकूट,চিত্রকুট,ചിത്രകൂട്ട്
Deoria,डोरिअ,डोरिअ,দেউরিয়া,ഡിയോറിയ
Etah,एटा,एटा,এটাহ,എറ്റാ
Etawah,इटावा,इटावा,ইটাওয়াহ,ഇറ്റാവ
Farrukhabad,फर्रुखाबाद,फर्रुखाबाद,ফররুখাবাদ,ഫാറൂഖാബാദ്
Fatehpur,फतेहपुर,फतेहपुर,ফতেহপুর,ഫത്തേപൂർ
Firozabad,फ़िरोज़ाबाद,फ़िरोज़ाबाद,ফিরোজবাদ,ഫിറോസാബാദ്
Gautam Buddha Nagar,गौतम बुद्ध नगर,गौतम बुद्ध नगर,গৌতম বুদ্ধ নগর,ഗോതം ബുദ്ധ നഗർ
Ghaziabad,गाज़ियाबाद,गाज़ियाबाद,গাজিয়াবাদ,ഗാസിയാബാദ്
Ghazipur,ग़ाज़ीपुर,ग़ाज़ीपुर,গাজীপুর,ഖാസിപൂർ
Gonda,गोंडा,गोंडा,গন্ডা,ഗോണ്ട
Gorakhpur,गोरखपुर,गोरखपुर,গোরক্ষপুর,ഗോരഖ്പൂർ
Hamirpur,हमीरपुर,हमीरपुर,হামিরপুর,ഹാമിർപൂർ
Hapur,हापुड़,हापुड़,হাপুর,ഹാപൂർ
Hardoi,हरदोई,हरदोई,হার্ডোই,ഹാർഡോയി
Hathras,हाथरस,हाथरस,হাতরাস,ഹാത്രാസ്
Jalaun,जालौन,जालौन,জালুন,ജലോൺ
Jaunpur,जौनपुर,जौनपुर,জৌনপুর,ജോൺപൂർ
Jhansi,झाँसी,झाँसी,ঝাঁসি
Kannauj,कन्नौज,कन्नौज,কান্নুজ,കണ്ണൗജ്
Kanpur Dehat,कानपूर देहात,कानपूर देहात,কানপুর দেহাত,കാൺപൂർ ദേഹത്ത്
Kanpur Nagar,कानपुर नगर,कानपुर नगर,কানপুর নগর,കാൺപൂർ നഗർ
Kasganj,कासगंज,कासगंज,কাসগঞ্জ,കസ്ഗഞ്ച്
Kaushambi,कौशाम्बी,कौशाम्बी,কৈশম্বী,കഷമ്പി
Kheri,खेरी,खेरी,খেরি,ഖേരി
Kushi Nagar,कुशी नगर,कुशी नगर,কুশি নগর,കുഷി നഗർ
Lalitpur,ललितपुर,ललितपुर,ললিতপুর,ലളിത്പൂർ
Lucknow,लखनऊ,लखनऊ,লখনউ,ലക്നോ
Maharajganj,महराजगंज,महराजगंज,মহারাজগঞ্জ,മഹാരാജ്ഗഞ്ച്
Mahoba,महोबा,महोबा,মাহোবা,മഹോബ
Mainpuri,मैनपुरी,मैनपुरी,মাইনপুরী,മെയിൻപുരി
Mathura,मथुरा,मथुरा,মথুরা,മഥുര
Mau,मऊ,मऊ,মৌ
Meerut,मेरठ,मेरठ,মেরিট,മീററ്റ്
Mirzapur,मिर्ज़ापुर,मिर्ज़ापुर,মির্জাপুর,മിർസാപൂർ
Moradabad,मुरादाबाद,मुरादाबाद,মুরাদাবাদ,മൊറാദാബാദ്
Muzaffarnagar,मुज़फ्फरनगर,मुज़फ्फरनगर,মুজাফফরনগর,മുസാഫർനഗർ
Pilibhit,पीलीभीत,पीलीभीत,পিলিভিট,പിലിഭിത്
Pratapgarh,प्रतापगढ़,प्रतापगढ़,প্রতাপগড়,പ്രതാപ്ഗഡ്
Prayagraj,प्रयागराज,प्रयागराज,প্রয়াগরাজ,പ്രയാഗ്രാജ്
Rae Bareli,रायबरेली,रायबरेली,রায়ে বরেলি,റായ് ബറേലി
Rampur,रामपुर,रामपुर,রামপুর,രാംപൂർ
Saharanpur,सहारनपुर,सहारनपुर,সাহারানপুর,സഹാറൻപൂർ
Sambhal,संभल,संभल,সম্ভাল,സാംബാൽ
Sant Kabeer Nagar,संत कबीर नगर,संत कबीर नगर,সন্ত কবির নগর,സന്ത് കബീർ നഗർ
Shahjahanpur,शाहजहांपुर,शाहजहांपुर,শাহজাহানপুর,ഷാജഹാൻപൂർ
Shamli,शामली,शामली,শামলি,ഷാംലി
Shravasti,श्रावस्ती,श्रावस्ती,শ্রাবস্তি,ശ്രാവസ്തി
Siddharth Nagar,सिद्धार्थ नगर,सिद्धार्थ नगर,সিদ্ধার্থ নগর,സിദ്ധാർത്ഥ് നഗർ
Sitapur,सीतापुर,सीतापुर,সীতাপুর,സീതാപൂർ
Sonbhadra,सोनभद्र,सोनभद्र,সোনভদ্র,സോൺഭദ്ര
Sultanpur,सुल्तानपुर,सुल्तानपुर,সুলতানপুর,സുൽത്താൻപൂർ
Unnao,उन्नाओ,उन्नाओ,উন্নাও,ഉണ്ണാവോ
Varanasi,वाराणसी,वाराणसी,বারাণসী,വാരണാസി
,,,
Araria,अररिअ,अररिअ,আরিয়া,അരാരിയ
Arwal,अरवल,अरवल,আরওয়াল,അർവാൾ
Aurangabad,औरंगाबाद,औरंगाबाद,আওরঙ্গবাদ,ഒരംഗ്ബാദ്
Banka,बाँका,बाँका,বাঁকা,ബാങ്ക
Begusarai,बेगूसराय,बेगूसराय,বেগুসরাই,ബെഗുസാരായി
Bhagalpur,भागलपुर,भागलपुर,ভাগলপুর,ഭാഗൽപൂർ
Bhojpur,भोजपुर,भोजपुर,ভোজপুর,ഭോജ്പൂർ
Buxar,बक्सर,बक्सर,বক্সার,ബുക്സാർ
Darbhanga,दरभंगा,दरभंगा,দরভাঙ্গা,ദർഭംഗ
Gaya,गया,गया,গয়া,പോയി
Gopalganj,गोपालगंज,गोपालगंज,গোপালগঞ্জ,ഗോപാൽഗഞ്ച്
Jamui,जमुई,जमुई,জামুই,ജാമുയി
Jehanabad,जहानाबाद,जहानाबाद,জাহানাবাদ,ജെഹാനാബാദ്
Kaimur,कैमूर,कैमूर,কাইমুর,കൈമൂർ
Katihar,कटिहार,कटिहार,কাতিহার,കതിഹാർ
Khagaria,खगरिया,खगरिया,খাগরিয়া,ഖഗാരിയ
Kishanganj,किशनगंज,किशनगंज,কিশনগঞ্জ,കിഷൻഗഞ്ച്
Lakhisarai,लखीसराय,लखीसराय,লখিসারাই,ലഖിസാരായി
Madhepura,मधेपुरा,मधेपुरा,মাধেপুরা,മാധേപുര
Madhubani,मधुबनी,मधुबनी,মধুবানী,മധുബാനി
Munger,मुंगेर,मुंगेर,মুঙ্গার,മുൻഗെർ
Muzaffarpur,मुजफ्फरपुर,मुजफ्फरपुर,মুজাফফরপুর,മുസാഫർപൂർ
Nalanda,नालंदा,नालंदा,নালন্দা,നളന്ദ
Nawada,नवादा,नवादा,নওয়াদা,നവാഡ
Pashchim Champaran,पश्चिम चम्पारण,पश्चिम चम्पारण,পশিম চম্পারন,വെസ്റ്റ് ചമ്പാരൻ
Patna,पटना,पटना,পাটনা,പട്ന
Purbi Champaran,पुर्बी चंपारण,पुर्बी चंपारण,পূর্ব চম্পরণ,പുർബി ചമ്പാരൻ
Purnia,पूर्णिया,पूर्णिया,পূর্ণিয়া,പഴയത്
Rohtas,रोहतास,रोहतास,রোহতাস,റോഹ്താസ്
Saharsa,सहरसा,सहरसा,সাহারসা,സർഹാസ
Samastipur,समस्तीपुर,समस्तीपुर,সমষ্টিপুর,സമസ്തിപൂർ
Saran,सरन,सरन,সরান,സരൺ
Sheikhpura,शेखपुरा,शेखपुरा,শেখপুরা,ഷെയ്ഖ്പുര
Sheohar,शेओहर,शेओहर,শেওহর,ഷിയോഹർ
Sitamarhi,सीतामढ़ी,सीतामढ़ी,সীতামারী,സീതാമർഹി
Siwan,सिवान,सिवान,সিওয়ান,സിവാൻ
Supaul,सुपौल,सुपौल,সুপল,സുപോൾ
Vaishali,वैशाली,वैशाली,বৈশালী,വൈശാലി
,,,
East District,पूर्वी जिला,पूर्वी जिला,পূর্ব জেলা,കിഴക്കൻ ജില്ല
North District,उत्तर जिला,उत्तर जिला,উত্তর জেলা,നോർത്ത് ഡിസ്ട്രിക്റ്റ്
South District,दक्षिण जिला,दक्षिण जिला,দক্ষিণ জেলা,സൗത്ത് ഡിസ്ട്രിക്റ്റ്
West District,पश्चिम जिला,पश्चिम जिला,পশ্চিম জেলা,പടിഞ്ഞാറൻ ജില്ല
,,,
Anjaw,अंजाव,अंजाव,আনজাও,അഞ്ജാവ്
Changlang,चांगलांग,चांगलांग,চ্যাংল্যাং,ചാംഗ്ലാങ്
Dibang Valley,दिबांग घाटी,दिबांग घाटी,দিবাং ভ্যালি,ദിബാംഗ് വാലി
East Kameng,पूर्वी कामेंग,पूर्वी कामेंग,পূর্ব কামেং,ഈസ്റ്റ് കാമെംഗ്
East Siang,पूर्वी सियांग,पूर्वी सियांग,পূর্ব সিয়াং,ഈസ്റ്റ് സിയാങ്
Kamle,कामले,कामले,কমলে,കമലെ
Kra Daadi,करा दादी,करा दादी,ক্রা দাদি,ക്രാ ഡാഡി
Kurung Kumey,कुरुंग कुमे,कुरुंग कुमे,কুরং কুমে,കുറുങ് കുമേ
Leparada,लेपराडा,लेपराडा,লেপারদা,ലെപരട
Lohit,लोहित,लोहित,লোহিত,ലോഹിത്
Longding,लांगडिंग,लांगडिंग,দীর্ঘকালীন,ദീർഘനേരം
Lower Dibang Valley,निचली दिबांग घाटी,निचली दिबांग घाटी,লোয়ার দিবাং ভ্যালি,ലോവർ ദിബാംഗ് വാലി
Lower Siang,निचला सियांग,निचला सियांग,লোয়ার সিয়াং,ലോവർ സിയാങ്
Lower Subansiri,निचली सुबनसिरी,निचली सुबनसिरी,লোয়ার সুবানসিরি,ലോവർ സുബാൻസിരി
Namsai,नामसाई,नामसाई,নমশাই,നംസായി
Pakke Kessang,पाके केसांग,पाके केसांग,পক্কে ক্যাসাং,പാക്കെ കെസ്സാങ്
Papum Pare,पापुम पारे,पापुम पारे,পাপুম পার,പാപ്പൂം പരേ
Shi Yomi,शी यामी,शी यामी,শি ইওমি,ഷി യോമി
Siang,सियांग,सियांग,সিয়াং,സിയാങ്
Tawang,तवांग,तवांग,তাওয়াং,തവാങ്
Tirap,तिरप,तिरप,তিরাপ,ടിറപ്പ്
Upper Siang,ऊपरी सियांग,ऊपरी सियांग,আপার সিয়াং,അപ്പർ സിയാങ്
Upper Subansiri,ऊपरी सुबनसिरी,ऊपरी सुबनसिरी,আপার সুবানসিরি,അപ്പർ സുബാൻസിരി
West Kameng,पश्चिम कामेंग,पश्चिम कामेंग,পশ্চিম কামেং,വെസ്റ്റ് കാമെംഗ്
West Siang,पश्चिम सियांग,पश्चिम सियांग,পশ্চিম সিয়াং,വെസ്റ്റ് സിയാങ്
,,,
Dimapur,दीमापुर,दीमापुर,দিমাপুর,ദിമാപൂർ
Kiphire,किफायर,किफायर,কিফিরে,കിഫയർ
Kohima,कोहिमा,कोहिमा,কোহিমা,കൊഹിമ
Longleng,लोंगलेंग,लोंगलेंग,লংলঙ্গল,ലോങ്‌ലെംഗ്
Mokokchung,मोकोकचुंग,मोकोकचुंग,মোকোকচং,മോക്കോച്ചുംഗ്
Mon,मेरे,मेरे,সোম
Peren,रहिला,रहिला,পেরেন,പെരെൻ
Phek,उल्लू बनाना,उल्लू बनाना,ফেক,ഫെക്ക്
Tuensang,तुएनसांग,तुएनसांग,টুয়েনস্যাং,ട്യൂൻസാങ്
Wokha,अकेला,अकेला,ওওখা,വോഖ
Zunheboto,जुनेह के साथ,जुनेह के साथ,জুনাহেবোটো,സൺഹെബോട്ടോ
,,,
Bishnupur,बिश्नुपुर,बिश्नुपुर,বিষ্ণুপুর,ബിഷ്ണുപൂർ
Chandel,चंदेल,चंदेल,চ্যান্ডেল,ചന്ദൽ
Churachandpur,चुराचांदपुर,चुराचांदपुर,চুরাচাঁদ পুর,ചുരചന്ദ്‌പൂർ
Imphal East,इम्फाल पूर्व,इम्फाल पूर्व,ইম্ফল পূর্ব,ഇംഫാൽ ഈസ്റ്റ്
Imphal West,इम्फाल पश्चिम,इम्फाल पश्चिम,ইম্ফল পশ্চিম,ഇംഫാൽ വെസ്റ്റ്
Jiribam,जिरीबाम,जिरीबाम,জিরিবাম,ജിരിബാം
Kakching,कक्किंग,कक्किंग,কচিং,കാക്കിംഗ്
Kamjong,कमजोंग,कमजोंग,কামজং,കാംജോംഗ്
Kangpokpi,कांगपोकपि,कांगपोकपि,কংপোকপি,കാങ്‌പോക്പി
Noney,नोनी,नोनी,নানি,നോനി
Pherzawl,फेरजॉल,फेरजॉल,ফেরজাওল,ഫെർസാൽ
Senapati,कमांडर,कमांडर,সেনপতি,സേനപതി
Tamenglong,तमेंगलोंग,तमेंगलोंग,টেমেনলং,ടമെങ്‌ലോംഗ്
Tengnoupal,टेंगनूपाल,टेंगनूपाल,টেঙ্গনোপাল,ടെഗ്നോപാൽ
Thoubal,थौबल,थौबल,থোবাল,തൗബാൽ
Ukhrul,उखरूल,उखरूल,উখরুল,ഉഖ്‌റുൽ
,,,
Aizawl,आइजोल,आइजोल,আইজল,ഐസ്വാൾ
Champhai,चम्फाई,चम्फाई,চম্পাই,ചമ്പായ്
Hnahthial,हनहतहीअल,हनहतहीअल,হানাথিয়াল,ഹൻഹത്തിയൽ
Khawzawl,सुस्त,सुस्त,খাজাওল,ഖാവ്സാൽ
Kolasib,कोलासिब,कोलासिब,কোলাসিব,കോലാസിബ്
Lawngtlai,लॉन्गतलाई,लॉन्गतलाई,ল্যাংটলাই,ലോങ്‌റ്റ്‌ലായ്
Lunglei,लुंगलेई,लुंगलेई,লুঙ্গলেই,ലുംഗ്ലി
Mamit,मामित,मामित,মমিট,മാമിത്
Saiha,सैह,सैह,সায়াহা,സൈഹ
Saitual,सैतूल,सैतूल,সাইটুয়াল,സെയ്ച്വൽ
Serchhip,सेरछिप,सेरछिप,সার্চশিপ,സെർച്ചിപ്പ്
,,,
East Garo Hills,ईस्ट गारो हिल्स,ईस्ट गारो हिल्स,পূর্ব গারো পাহাড়,ഈസ്റ്റ് ഗാരോ ഹിൽസ്
East Jaintia Hills,ईस्ट जैंतिया हिल्स,ईस्ट जैंतिया हिल्स,পূর্ব জৈন্তিয়া পাহাড়,ഈസ്റ്റ് ജയന്തിയ ഹിൽസ്
East Khasi Hills,ईस्ट खासी हिल्स,ईस्ट खासी हिल्स,পূর্ব খাসি পাহাড়,കിഴക്കൻ ഖാസി കുന്നുകൾ
North Garo Hills,उत्तर गारो हिल्स,उत्तर गारो हिल्स,উত্তর গারো পাহাড়,നോർത്ത് ഗാരോ ഹിൽസ്
Ri Bhoi,री भोई,री भोई,রি ভোই,റി ഭോയ്
South Garo Hills,दक्षिण गारो हिल्स,दक्षिण गारो हिल्स,দক্ষিণ গারো পাহাড়,സൗത്ത് ഗാരോ ഹിൽസ്
South West Garo Hills,साउथ वेस्ट गारो हिल्स,साउथ वेस्ट गारो हिल्स,দক্ষিণ পশ্চিম গারো পাহাড়,സൗത്ത് വെസ്റ്റ് ഗാരോ ഹിൽസ്
South West Khasi Hills,दक्षिण पश्चिम खासी हिल्स,दक्षिण पश्चिम खासी हिल्स,দক্ষিণ পশ্চিম খাসি পাহাড়,സൗത്ത് വെസ്റ്റ് ഖാസി ഹിൽസ്
West Garo Hills,पश्चिम गारो हिल्स,पश्चिम गारो हिल्स,পশ্চিম গারো পাহাড়,വെസ്റ്റ് ഗാരോ ഹിൽസ്
West Jaintia Hills,वेस्ट जैंतिया हिल्स,वेस्ट जैंतिया हिल्स,পশ্চিম জৈন্তিয়া পাহাড়,വെസ്റ്റ് ജയന്തിയ ഹിൽസ്
West Khasi Hills,पश्चिम खासी हिल्स,पश्चिम खासी हिल्स,পশ্চিম খাসি পাহাড়,വെസ്റ്റ് ഖാസി ഹിൽസ്
,,,
Baksa,बक्सा,बक्सा,বাক্সা,ബക്സ
Barpeta,बारपेटा,बारपेटा,বারপেটা,ബാർപേട്ട
Biswanath,बिश्वनाथ,बिश्वनाथ,বিশ্বনাথ,ബിശ്വനാഥ്
Bongaigaon,बोंगईगांव,बोंगईगांव,বোঙ্গাইগাঁও,ബോംഗൈഗാവ്
Cachar,कछार,कछार,কাছার,കാച്ചർ
Charaideo,चारीदेव,चारीदेव,চরাইদেও,ചരൈഡിയോ
Chirang,चिरांग,चिरांग,চিরঙ্গ,ചിരംഗ്
Darrang,दरांग,दरांग,দারং,ഡാരംഗ്
Dhemaji,धेमाजी,धेमाजी,ধেমাজি,ധമാജി
Dhubri,धुबरी,धुबरी,ধুবরি,ദുബ്രി
Dibrugarh,डिब्रूगढ़,डिब्रूगढ़,ডিব্রুগড়,ദിബ്രുഗഡ്
Dima Hasao,दीमा हसाओ,दीमा हसाओ,দিমা হাসাও,ദിമ ഹസാവോ
Goalpara,गोलपाड़ा,गोलपाड़ा,গোলপাড়া,ഗോൾപര
Golaghat,गोलाघाट,गोलाघाट,গোলাঘাট,ഗോലഘട്ട്
Hailakandi,हैलाकांडी,हैलाकांडी,হাইলাকান্দি,ഹൈലകണ്ഡി
Hojai,होजय,होजय,হোজাই,ഹോജയ്
Jorhat,जोरहाट,जोरहाट,জোড়হাট,ജോർഹട്ട്
Kamrup,कामरूप,कामरूप,কামরূপ,കമ്രുപ്
Kamrup Metro,कामरूप मेट्रो,कामरूप मेट्रो,কামরূপ মেট্রো,കമ്രൂപ് മെട്രോ
Karbi Anglong,कार्बी आंगलोंग,कार्बी आंगलोंग,কারবি আংলং,കാർബി ആംഗ്ലോംഗ്
Karimganj,करीमगंज,करीमगंज,করিমগঞ্জ,കരിംഗഞ്ച്
Kokrajhar,कोकराझार,कोकराझार,কোকরাঝার,കൊക്രാജർ
Lakhimpur,लखीमपुर,लखीमपुर,লক্ষিমপুর,ലഖിംപൂർ
Majuli,माजुली,माजुली,মাজুলি,മജുലി
Marigaon,मारीगांव,मारीगांव,মেরিগাঁও,മാരിഗാവ്
Nagaon,नगांव,नगांव,নাগাওন,നാഗോൺ
Nalbari,नलबाड़ी,नलबाड़ी,নলবাড়ি,നൽബാരി
Sivasagar,शिवसागर,शिवसागर,শিবসাগর,ശിവസാഗർ
Sonitpur,सोनितपुर,सोनितपुर,সোনিতপুর,സോണിത്പൂർ
South Salmara Mancachar,दक्षिण सलमरा मनचछार,दक्षिण सलमरा मनचछार,দক্ষিণ সালমারা মনচাচর,സൗത്ത് സൽമര മഞ്ചാചാർ
Tinsukia,तिनसुकिया,तिनसुकिया,তিনসুকিয়া,ടിൻസുകിയ
Udalguri,उदालगुरी,उदालगुरी,উদালগুড়ি,ഉദൽഗുരി
West Karbi Anglong,पश्चिम करबी आंगलोंग,पश्चिम करबी आंगलोंग,পশ্চিম কার্বি অ্যাংলং,വെസ്റ്റ് കാർബി ആംഗ്ലോംഗ്
,,,
24 Paraganas North,24 परगनास उत्तर,24 परगनास उत्तर,24 প্যারাগানাস উত্তর,24 പരാഗനാസ് നോർത്ത്
24 Paraganas South,24 परगनास दक्षिण,24 परगनास दक्षिण,24 প্যারাগনাস দক্ষিণ,24 പരാഗനാസ് സൗത്ത്
Alipurduar,अलीपुरदुआर,अलीपुरदुआर,আলিপুরদুয়ার,അലിപൂർദുർ
Bankura,बांकुरा,बांकुरा,বাঁকুড়া,ബങ്കുര
Birbhum,बीरभूम,बीरभूम,বীরভূম,ബിർഭം
Coochbehar,कूचबिहार,कूचबिहार,কোচবিহার,കൂച്ച്ബെഹാർ
Darjeeling,दार्जिलिंग,दार्जिलिंग,দার্জিলিং,ഡാർജിലിംഗ്
Dinajpur Dakshin,दिनाजपुर दक्षिण,दिनाजपुर दक्षिण,দিনাজপুর দক্ষিণ,ദിനാജ്പൂർ ദക്ഷിണ
Dinajpur Uttar,दिनाजपुर उत्तर,दिनाजपुर उत्तर,দিনাজপুর উত্তর,ദിനാജ്പൂർ ഉത്തർ
Hooghly,हुगली,हुगली,হুগলি,ഹൂഗ്ലി
Howrah,हावड़ा,हावड़ा,হাওড়া,ഹൗറ
Jalpaiguri,जलपाईगुङी,जलपाईगुङी,জলপাইগুড়ি,ജൽപായ്ഗുരി
Jhargram,झारग्राम,झारग्राम,ঝাড়গ্রাম
Kalimpong,कलिम्पोंग,कलिम्पोंग,কালিম্পং,കാളിംപോംഗ്
Kolkata,कोलकाता,कोलकाता,কলকাতা,കൊൽക്കത്ത
Maldah,मालदह,मालदह,মালদহ,മാൽദ
Medinipur East,मेदिनीपुर पूर्व,मेदिनीपुर पूर्व,মেদিনীপুর পূর্ব,മെഡിനിപൂർ കിഴക്ക്
Medinipur West,मेदिनीपुर वेस्ट,मेदिनीपुर वेस्ट,মেদিনীপুর পশ্চিম,മെഡിനിപൂർ വെസ്റ്റ്
Murshidabad,मुर्शिदाबाद,मुर्शिदाबाद,মুর্শিদাবাদ,മുർഷിദാബാദ്
Nadia,नादिया,नादिया,নাদিয়া,നാദിയ
Paschim Bardhaman,पश्चिम बर्धमान,पश्चिम बर्धमान,পাসচিম বর্ধমান,പാസ്ചിം ബാർധമാൻ
Purba Bardhaman,पूर्वी बर्दवान,पूर्वी बर्दवान,পূর্ব বর্ধমান,പൂർബ ബാർധമാൻ
Purulia,पुरुलिया,पुरुलिया,পুরুলিয়া,പുരുലിയ
,,,
Bokaro,बोकारो,बोकारो,বোকারো,ബൊക്കാരോ
Chatra,छात्र,छात्र,চাত্র,ചത്ര
Deoghar,देवघर,देवघर,দেওঘর,ദിയോഘർ
Dhanbad,धनबाद,धनबाद,ধনবাদ,ധൻബാദ്
Dumka,दुमका,दुमका,দুমকা,ഡുംക
East Singhbum,पूरबी सिंघभूम,पूरबी सिंघभूम,পূর্ব সিংবুম,ഈസ്റ്റ് സിംഗ്ഭും
Garhwa,गढ़वा,गढ़वा,গড়ওয়া,ഗർവ
Giridih,गिरिडीह,गिरिडीह,গিরিডিহ,ഗിരിദിഹ്
Godda,गोड्डा,गोड्डा,গড্ডা,ഗോഡ്ഡ
Gumla,गुमला,गुमला,গুমলা,ഗുംല
Hazaribagh,हजारीबाग,हजारीबाग,হাজারীবাগ,ഹസാരിബാഗ്
Jamtara,जामतारा,जामतारा,জামতারা,ജംതാര
Khunti,खूंटी,खूंटी,খুন্তি,ഖുന്തി
Koderma,कोडरमा,कोडरमा,কোডারমা,കോഡെർമ
Latehar,लातेहार,लातेहार,লাতেহার,ലതർ
Lohardaga,लोहरदगा,लोहरदगा,লোহারদাগা,ലോഹർഡാഗ
Pakur,पाकुर,पाकुर,পাকুর,പാകൂർ
Palamu,पलामू,पलामू,পালামু,പാലാമു
Ramgarh,रामगढ़,रामगढ़,রামগড়,രാംഗഡ്
Ranchi,राँची,राँची,রাঁচি,റാഞ്ചി
Sahebganj,साहेबगंज,साहेबगंज,সাহেবগঞ্জ,സാഹേബ്ഗഞ്ച്
Saraikela Kharsawan,सराईकेला खरसावां,सराईकेला खरसावां,সরাইকেলা খারসওয়ান,സരൈകേല ഖർസവാൻ
Simdega,सिमडेगा,सिमडेगा,সিমডেগা,സിംദേഗ
West Singhbhum,पश्चिमी सिंघभूम,पश्चिमी सिंघभूम,পশ্চিম সিংভূম,വെസ്റ്റ് സിംഗ്ഭും
,,,
Anugul,अनुगुल,अनुगुल,অনুগুল,അങ്കുൽ
Balangir,बलांगीर,बलांगीर,বালঙ্গীর,ബാലങ്കിർ
Baleshwar,बालेश्वर,बालेश्वर,বালেশ্বর,ബാലേശ്വർ
Bargarh,बारगढ़,बारगढ़,বারগড়,ബാർഗഡ്
Bhadrak,भद्रक,भद्रक,ভদ্রক,ഭദ്രക്
Boudh,बौद्ध,बौद्ध,বৌদ্ধ
Cuttack,कटक,कटक,কটক,കട്ടക്ക്
Deogarh,देवगढ़,देवगढ़,দেওগড়,ദിയോഘർ
Dhenkanal,ढेंकानाल,ढेंकानाल,ধেনকানাল,ധെങ്കനാൽ
Gajapati,गजपति,गजपति,গজপতি,ഗജപതി
Ganjam,गंजम,गंजम,গঞ্জাম,ഗഞ്ചം
Jagatsinghapur,जगतसिंहपुर,जगतसिंहपुर,জগৎসিংহপুর,ജഗത്സിംഗാപൂർ
Jajapur,जाजपुर,जाजपुर,জাজাপুর,ജജാപൂർ
Jharsuguda,झारसुगुडा,झारसुगुडा,ঝারসুগুদা
Kalahandi,कालाहांडी,कालाहांडी,কালহান্দি,കലഹണ്ടി
Kandhamal,कंधमाल,कंधमाल,কান্ধমাল,കന്ധമാൽ
Kendrapara,केंद्रपारा,केंद्रपारा,কেন্দ্রপাড়া,കേന്ദ്രപര
Kendujhar,केंदूझर,केंदूझर,কেন্দুঝার,കെണ്ടുജാർ
Khordha,खोर्धा,खोर्धा,খোর্ধা,ഖോർഡ
Koraput,कोरापुट,कोरापुट,কোরাপুট,കോരാപുട്ട്
Malkangiri,मलकानगिरी,मलकानगिरी,মালকানগিরি,മൽകാൻഗിരി
Mayurbhanj,मयूरभंज,मयूरभंज,ময়ূরভঞ্জ,മയൂർഭഞ്ച്
Nabarangpur,नबरंगपुर,नबरंगपुर,নবরঙ্গপুর,നബരംഗ്പൂർ
Nayagarh,नयागढ़,नयागढ़,নয়াগড়,നായഗഡ്
Nuapada,नुआपाड़ा,नुआपाड़ा,নুয়াপাডা
Puri,पूरी,पूरी,পুরী
Rayagada,रायगढ़,रायगढ़,রায়গাদা
Sambalpur,संबलपुर,संबलपुर,সমবলপুর
Sonepur,सोनपुर,सोनपुर,সোনপুর
Sundargarh,सुंदरगढ़,सुंदरगढ़,সুন্দরগড়
,,,
Balod,बालोद,बालोद,বালোদ
Baloda Bazar,बलोदा बाजार,बलोदा बाजार,বলোদা বাজার
Balrampur,बलरामपुर,बलरामपुर,বলরামপুর
Bastar,बस्तर,बस्तर,বাস্তার
Bemetara,बेमेतरा,बेमेतरा,বেমেতারা
Bijapur,बीजापुर,बीजापुर,বিজাপুর
Bilaspur,बिलासपुर,बिलासपुर,বিলাসপুর
Dantewada,दंतेवाड़ा,दंतेवाड़ा,দান্তেওয়াদা
Dhamtari,धमतरी,धमतरी,ধমতারি
Durg,दुर्ग,दुर्ग,দুর্গ
Gariyaband,गरियाबंद,गरियाबंद,গড়িয়বান্দ
Gaurella Pendra Marwahi,गौरेला पेंड्रा मरवाही,गौरेला पेंड्रा मरवाही,গৌরেলা পেন্দ্র মারওয়াহি
Janjgir-Champa,जांजगीर-चंपा,जांजगीर-चंपा,জানজগির-চম্পা
Jashpur,जशपुर,जशपुर,যশপুর
Kabirdham,कबीरधाम,कबीरधाम,কবিরধাম
Kanker,कैंसर,कैंसर,কাঁকর
Kondagaon,कोंडागांव,कोंडागांव,কোন্ডাগাঁ
Korba,कोरबा,कोरबा,কোরবা
Korea,कोरिया,कोरिया,কোরিয়া
Mahasamund,महासमुंद,महासमुंद,মহাসমুন্ড
Mungeli,मुंगेली,मुंगेली,মুঙ্গেলি
Narayanpur,नारायणपुर,नारायणपुर,নারায়ণপুর
Raigarh,रायगढ़,रायगढ़,রায়গড়
Raipur,रायपुर,रायपुर,রায়পুর
Rajnandgaon,राजनांदगाव,राजनांदगाव,রাজনন্দগাঁও
Sukma,सुकमा,सुकमा,সুকমা
Surajpur,सूरजपुर,सूरजपुर,সুরজপুর
Surguja,सरगुजा,सरगुजा,সুরগুজা
,,,
Agar Malwa,अगर मालवा,अगर मालवा,আগর মালওয়া
Alirajpur,अलीराजपुर,अलीराजपुर,আলিরাজপুর
Anuppur,अनूपपुर,अनूपपुर,অনুপুর
Ashoknagar,अशोकनगर,अशोकनगर,অশোকনগর
Balaghat,बालाघाट,बालाघाट,বালাগাট
Barwani,बड़वानी,बड़वानी,বারওয়ানি
Betul,बैतूल,बैतूल,বেতুল
Bhind,भिंड,भिंड,ভিন্ড
Bhopal,भोपाल,भोपाल,ভোপাল
Burhanpur,बुरहानपुर,बुरहानपुर,বুরহানপুর
Chhatarpur,छतरपुर,छतरपुर,ছত্রপুর
Chhindwara,छिंदवाड़ा,छिंदवाड़ा,ছিন্দওয়ারা
Damoh,दमोह,दमोह,দামোহ
Datia,दतिया,दतिया,দাতিয়া
Dewas,देवास,देवास,দেওয়াস
Dhar,धार,धार,ধর
Dindori,डिंडोरी,डिंडोरी,দিনডোরি
East Nimar,पूर्व नीमर,पूर्व नीमर,পূর্ব নিমার
Guna,गुना,गुना,গুনা
Gwalior,ग्वालियर,ग्वालियर,গোয়ালিয়র
Harda,हरदा,हरदा,হার্ডা
Hoshangabad,होशंगाबाद,होशंगाबाद,হোশঙ্গাবাদ
Indore,इंदौर,इंदौर,ইন্দোর
Jabalpur,जबलपुर,जबलपुर,জবালপুর
Jhabua,झाबुआ,झाबुआ,ঝাবুয়া
Katni,कटनी,कटनी,কাটনি
Khargone,खरगोन,खरगोन,খারগোন
Mandla,मंडला,मंडला,মন্ডলা
Mandsaur,मंदसौर,मंदसौर,মন্দসৌর
Morena,मुरैना,मुरैना,মোরেনা
Narsinghpur,नर्सिंघ्पुर,नर्सिंघ्पुर,নরসিংহপুর
Neemuch,नीमच,नीमच,নিমচ
Niwari,निवाड़ी,निवाड़ी,নিওয়ারি
Panna,पन्ना,पन्ना,পান্না
Raisen,रायसेन,रायसेन,রাইসেন
Rajgarh,राजगढ़,राजगढ़,রাজগড়
Ratlam,रतलाम,रतलाम,রতলাম
Rewa,रीवा,रीवा,রেওয়া
Sagar,सागर,सागर,সাগর
Satna,सतना,सतना,সাতনা
Sehore,सीहोर,सीहोर,সিহোর
Seoni,सिवनी,सिवनी,সিওনি
Shahdol,शहडोल,शहडोल,শাহডল
Shajapur,शाजापुर,शाजापुर,শাজাপুর
Sheopur,शेओपुर,शेओपुर,শেওপুর
Shivpuri,शिवपुरी,शिवपुरी,শিবপুরী
Sidhi,सीधी,सीधी,সিদ্ধি
Singrauli,सिंगरौली,सिंगरौली,সিঙ্গারৌলি
Tikamgarh,टीकमगढ़,टीकमगढ़,টিকামগড়
Ujjain,उज्जैन,उज्जैन,উজ্জয়েন
Umaria,उमरिअ,उमरिअ,উমারিয়া
Vidisha,विदिशा,विदिशा,বিদিশা
,,,
Ahmadabad,अहमदाबाद,अहमदाबाद,আহমেদাবাদ
Amreli,अमरेली,अमरेली,অমরেলি
Anand,आनंद,आनंद,আনন্দ
Arvalli,अरवल्ली,अरवल्ली,আরভাল্লি
Banas Kantha,बनास काँठा,बनास काँठा,বনস কাঁথা
Bharuch,भरूच,भरूच,ভরচ
Bhavnagar,भावनगर,भावनगर,ভাওয়ানগর
Botad,बोटाड,बोटाड,বোটাড
Chhotaudepur,छोटा उदयपुर,छोटा उदयपुर,ছোটুদেপুর
Dang,डांग,डांग,ডাং
Devbhumi Dwarka,देवभूमि द्वारका,देवभूमि द्वारका,দেবভূমি দ্বারকা
Dohad,दोहद,दोहद,দোহাদ
Gandhinagar,गांधीनगर,गांधीनगर,গান্ধীনগর
Gir Somnath,गिर सोमनाथ,गिर सोमनाथ,গির সোমনাথ
Jamnagar,जामनगर,जामनगर,জামনগর
Junagadh,जूनागढ़,जूनागढ़,জুনাগড়
Kachchh,कच्छ,कच्छ,কচ্ছ
Kheda,खेड़ा,खेड़ा,খেদা
Mahesana,मेहसाणा,मेहसाणा,মহেশানা
Mahisagar,महिसागर,महिसागर,মহিষাগর
Morbi,फुटबॉल,फुटबॉल,মরবি
Narmada,नर्मदा,नर्मदा,নর্মদা
Navsari,नवसारी,नवसारी,নওসারি
Panch Mahals,पञ्च महलस,पञ्च महलस,পঞ্চমহল
Patan,पैटर्न,पैटर्न,পাটান
Porbandar,पोरबंदर,पोरबंदर,পোরবন্দর
Rajkot,राजकोट,राजकोट,রাজকোট
Sabar Kantha,सबका कंथा,सबका कंथा,সাবার কাঁথা
Surat,पत्र,पत्र,সুরত
Surendranagar,सुरेंद्रनगर,सुरेंद्रनगर,সুরেন্দ্রনগর
Tapi,"परंतु""","परंतु""",তপি
Vadodara,वडोदरा,वडोदरा,ভাদোদরা
Valsad,वलसाड,वलसाड,ভ্যালসাদ
,,,
Ahmednagar,अहमदनगर,अहमदनगर,"আহমেদনগর,"
Akola,अकोला,अकोला,আকোলা
Amravati,अमरावती,अमरावती,অমরাবতী
Aurangabad,औरंगाबाद,औरंगाबाद,আওরঙ্গবাদ
Beed,बीड,बीड,বিড
Bhandara,भंडारा,भंडारा,ভান্ডারা
Buldhana,बुलढाणा,बुलढाणा,বুলধানা
Chandrapur,चंद्रपुर,चंद्रपुर,চন্দ্রপুর
Dhule,धुले,धुले,ধুলে
Gadchiroli,गडचिरोली,गडचिरोली,গাডচিরলি
Gondia,गोंदिया,गोंदिया,গন্ডিয়া
Hingoli,हिंगोली,हिंगोली,হিংগলি
Jalgaon,जलगांव,जलगांव,জলগাঁও
Jalna,जलना,जलना,জলনা
Kolhapur,कोल्हापुर,कोल्हापुर,কোলহাপুর
Latur,लातूर,लातूर,লাতুর
Mumbai,मुंबई,मुंबई,মুম্বাই
Mumbai Suburban,मुंबई उपनगर,मुंबई उपनगर,মুম্বই শহরতলির
Nagpur,नागपुर,नागपुर,নাগপুর
Nanded,नांदेड़,नांदेड़,নান্দেদ
Nandurbar,नंदुरबार,नंदुरबार,নন্দুরবার
Nashik,नासिक,नासिक,নাসিক
Osmanabad,उस्मानाबाद,उस्मानाबाद,ওসমানাবাদ
Palghar,पालघर,पालघर,পালঘর
Parbhani,परभनी,परभनी,পারভানী
Pune,पुणे,पुणे,পুনে
Raigad,रायगढ़,रायगढ़,রায়গড়
Ratnagiri,रत्नागिरी,रत्नागिरी,রত্নগিরি
Sangli,सांगली,सांगली,সাঙ্গলি
Satara,सतारा,सतारा,সাতারা
Sindhudurg,सिंधुदुर्ग,सिंधुदुर्ग,সিন্ধুদুর্গ
Solapur,सोलापुर,सोलापुर,সোলাপুর
Thane,ठाणे,ठाणे,থান
Wardha,वर्धा,वर्धा,ওয়ারধা
Washim,वाशिम,वाशिम,ওয়াশিম
Yavatmal,यवतमाल,यवतमाल,যবত্মাল
,,,
Anantapur,अनंतपुर,अनंतपुर,অনন্তপুর
Chittoor,चित्तूर,चित्तूर,চিত্তুর
East Godavari,पूर्वी गोदावरी,पूर्वी गोदावरी,পূর্ব গোদাবরী
Guntur,गुंटूर,गुंटूर,গুন্টুর
Krishna,कृष्णा,कृष्णा,কৃষ্ণ
Kurnool,कुरनूल,कुरनूल,কর্নুল
Prakasam,प्रकासम,प्रकासम,প্রকাশম
Spsr Nellore,एसपीएसआर नेल्लोर,एसपीएसआर नेल्लोर,এসপিএস নেলোরে
Srikakulam,श्रीकाकुलम,श्रीकाकुलम,শ্রীকাকুলাম
Visakhapatanam,विशाखापत्तनम,विशाखापत्तनम,বিশাখাপত্তনম
Vizianagaram,विजयनगरम,विजयनगरम,ভাইজিয়ানগরম
West Godavari,पश्चिम गोदावरी,पश्चिम गोदावरी,পশ্চিম গোদাবরী
Y.S.R.,वा.एस.आर.,वा.एस.आर.,ওয়াই এস আর
,,,
Bagalkote,बागलकोट,बागलकोट,"বাঘালকোট,"
Ballari,बेल्लारी,बेल्लारी,বল্লারি
Belagavi,बेलगाम,बेलगाम,বেলাগাভি
Bengaluru Rural,बेंगलुरु ग्रामीण,बेंगलुरु ग्रामीण,বেঙ্গালুরু রুরাল
Bengaluru Urban,बेंगलुरु शहरी,बेंगलुरु शहरी,বেঙ্গালুরু আরবান
Bidar,बीदर,बीदर,বিদার
Chamarajanagara,चामराजनगर,चामराजनगर,চমরাজনগর
Chikkaballapura,चिक्कबल्लापुर,चिक्कबल्लापुर,চিক্কাবল্লাপুরা
Chikkamagaluru,चिक्कामगलुरु,चिक्कामगलुरु,চিক্কামগলুরু
Chitradurga,चित्रदुर्ग,चित्रदुर्ग,চিত্রদুর্গা
Dakshina Kannada,दक्षिणा कन्नड़,दक्षिणा कन्नड़,দক্ষিণ কন্নড়
Davangere,दावणगेरे,दावणगेरे,দাভানগেরে
Dharwad,धारवाड़,धारवाड़,ধরওয়াদ
Gadag,गदग,गदग,গাদাগ
Hassan,हसन,हसन,হাসান
Haveri,हावरी,हावरी,হাভেরি
Kalaburagi,कलबुर्गी,कलबुर्गी,কালাবুরাগী
Kodagu,कोडागू,कोडागू,কোডাগু
Kolar,कोलार,कोलार,কলার
Koppal,कोप्पल,कोप्पल,কোপাল
Mandya,मांड्या,मांड्या,মান্দ্যা
Mysuru,मैसूर,मैसूर,মাইসুরু
Raichur,रायचुर,रायचुर,রায়চুর
Ramanagara,रामनगर,रामनगर,রামনগর
Shivamogga,शिमोगा,शिमोगा,শিবমোগগা
Tumakuru,तुमकुर,तुमकुर,তোমাকুরু
Udupi,उडुपी,उडुपी,উদুপি
Uttara Kannada,उत्तरा कन्नड़,उत्तरा कन्नड़,উত্তরা কন্নড়
Vijayapura,विजयपुरा,विजयपुरा,বিজয়পুরা
Yadgir,यादगीर,यादगीर,ইয়াদগীর
,,,
North Goa,उत्तर गोवा,उत्तर गोवा,উত্তর গোয়া
South Goa,दक्षिण गोवा,दक्षिण गोवा,দক্ষিণ গোয়া
,,,
Lakshadweep District,लक्षद्वीप जिला,लक्षद्वीप जिला,লক্ষদ্বীপ জেলা
,,,
Alappuzha,अलपुझा,अलपुझा,আলাপ্পুশা
Ernakulam,एर्नाकुलम,एर्नाकुलम,এরনাকুলাম
Idukki,इडुक्की,इडुक्की,ইদুক্কি
Kannur,कन्नूर,कन्नूर,কান্নুর
Kasaragod,कासरगोड,कासरगोड,কসরগোদ
Kollam,कोल्लम,कोल्लम,কোল্লাম
Kottayam,कोट्टायम,कोट्टायम,কোট্টায়াম
Kozhikode,कोझिकोड,कोझिकोड,কোজিকোড
Malappuram,मलप्पुरम,मलप्पुरम,মালাপুপুরম
Palakkad,पलक्कड़,पलक्कड़,পালক্কাদ
Pathanamthitta,पथानामथिट्टा,पथानामथिट्टा,পাঠানমথিত
Thiruvananthapuram,तिरुवनंतपुरम,तिरुवनंतपुरम,তিরুবনন্তপুরম
Thrissur,त्रिशूर,त्रिशूर,থ্রিসুর
Wayanad,वायनाड,वायनाड,ওয়ায়ানাদ
,,,
Ariyalur,अरियालुर,अरियालुर,"আরিয়ালুর,"
Chengalpattu,चेंगलपट्टू,चेंगलपट्टू,চেঙ্গালপট্টু
Chennai,चेन्नई,चेन्नई,চেন্নাই
Coimbatore,कोयंबटूर,कोयंबटूर,কইম্বাতোর
Cuddalore,कुड्डालोर,कुड्डालोर,কুডলোর
Dharmapuri,धर्मपुरी,धर्मपुरी,ধর্মপুরী
Dindigul,डिंडीगुल,डिंडीगुल,ডিন্ডিগুল
Erode,इरोड,इरोड,ইরড
Kallakurichi,कल्लाकुरिची,कल्लाकुरिची,কল্লাকুড়িচি
Kanchipuram,कांचीपुरम,कांचीपुरम,কাঁচিপুরম
Kanniyakumari,कन्याकूमारी,कन्याकूमारी,কন্নিয়াকুমারী
Karur,करूर,करूर,করুর
Krishnagiri,कृष्णागिरी,कृष्णागिरी,কৃষ্ণগিরি
Madurai,मदुरै,मदुरै,মাদুরাই
Nagapattinam,नागपट्टिनम,नागपट्टिनम,নাগপট্টিনাম
Namakkal,नामक्कल,नामक्कल,নমক্কল
Perambalur,पेरम्बलुर,पेरम्बलुर,পেরাম্বালুর
Pudukkottai,पुदुक्कोट्टई,पुदुक्कोट्टई,পুদুক্কোটাই
Ramanathapuram,रामनाथपुरम,रामनाथपुरम,রমনাথপুরম
Ranipet,रानीपेट,रानीपेट,রানীপেট
Salem,सलेम,सलेम,সালেম
Sivaganga,शिवगंगा,शिवगंगा,শিবাগঙ্গা
Tenkasi,तेनकासी,तेनकासी,টেঙ্কাসি
Thanjavur,तंजावुर,तंजावुर,থানজাবুর
Theni,थेनी,थेनी,থেনি
The Nilgiris,नीलगिरी,नीलगिरी,দ্য নীলগিরিস
Thiruvallur,तिरुवल्लुर,तिरुवल्लुर,তিরুভাল্লুর
Thiruvarur,थिरुवरुर,थिरुवरुर,তিরুয়ারুর
Tiruchirappalli,तिरुचिरापल्ली,तिरुचिरापल्ली,তিরুচিরাপল্লি
Tirunelveli,तिरुनेलवेली,तिरुनेलवेली,তিরুনেলভেলি
Tirupathur,थिरुपत्तूर,थिरुपत्तूर,"তিরুপাঠুর"""
Tiruppur,तिरुपूर,तिरुपूर,তিরপুরপুর
Tiruvannamalai,थिरुवन्नमलाई,थिरुवन्नमलाई,তিরুভান্নমালাই
Tuticorin,तूतीकोरिन,तूतीकोरिन,টুটিকোরিন
Vellore,वेल्लोर,वेल्लोर,ভেলোর
Villupuram,विल्लुपुरम,विल्लुपुरम,ভিলুপুরম
Virudhunagar,विरुधुनगर,विरुधुनगर,বিরুধুনগর
,,,
Karaikal,कराईकल,कराईकल,করাইকাল
Mahe,माहे,माहे,মাহে
Pondicherry,पांडिचेरी,पांडिचेरी,পন্ডিচেরি
Yanam,यनम,यनम,ইয়ানাম
,,,
Nicobars,निकोबार,निकोबार,নিকোবার
North And Middle Andaman,उत्तर और मध्य अंडमान,उत्तर और मध्य अंडमान,উত্তর ও মধ্য আন্দামান
South Andamans,दक्षिण अंडमान,दक्षिण अंडमान,দক্ষিণ আন্দামানস
,,,
Adilabad,आदिलाबाद,आदिलाबाद,আদিলাবাদ
Bhadradri Kothagudem,भद्रदृ कोठागुडेम,भद्रदृ कोठागुडेम,ভদ্রাদ্রী কোথাগুদেম
Hyderabad,हैदराबाद,हैदराबाद,হায়দরাবাদ
Jagitial,जगित्याल,जगित्याल,জাগিটাল
Jangoan,जनगांव,जनगांव,জঙ্গোয়ান
Jayashankar Bhupalapally,जयशंकर भूपालापल्ली,जयशंकर भूपालापल्ली,জয়শঙ্কর ভূপালপালি
Jogulamba Gadwal,जोगूलंबा गाड़वाल,जोगूलंबा गाड़वाल,জোগুলম্বা গাদওয়াল
Kamareddy,कामारेड्डी,कामारेड्डी,কামারেডি
Karimnagar,करीमनगर,करीमनगर,করিমনগর
Khammam,खम्मम,खम्मम,খামমাম
Kumuram Bheem Asifabad,कुमुराम भीम असिफाबाद,कुमुराम भीम असिफाबाद,কুমুরাম ভীম আসিস্তাবাদ
Mahabubabad,महबूबाबाद,महबूबाबाद,মহাবুবাদ
Mahabubnagar,महबूबनगर,महबूबनगर,মহাবুবনগর
Mancherial,मंचेरियल,मंचेरियल,মনচেরিয়াল
Medak,मेडक,मेडक,মেডাক
Medchal Malkajgiri,मेडचल मलकाजगिरी,मेडचल मलकाजगिरी,মেডচাল মালকাজগিরি
Mulugu,मुलुगु,मुलुगु,মুলুগু
Nagarkurnool,नागरकुरनूल,नागरकुरनूल,নগরকর্ণুল
Nalgonda,नलगोंडा,नलगोंडा,নলগোন্ডা
Narayanpet,नरायणपेट,नरायणपेट,নারায়ণপেট
Nirmal,निर्मल,निर्मल,নির্মল
Nizamabad,निजामाबाद,निजामाबाद,নিজামবাদ
Peddapalli,पेद्दापल्ली,पेद्दापल्ली,পেডাপাল্লি
Rajanna Sircilla,राजांना सिर्सिल्ला,राजांना सिर्सिल्ला,রাজনা সর্সিলা
Ranga Reddy,रंगा रेड्डी,रंगा रेड्डी,রাঙ্গা রেড্ডি
Sangareddy,संगारेड्डी,संगारेड्डी,সাঙ্গরেডি
Siddipet,सिद्दीपेट,सिद्दीपेट,সিদ্দীপেট
Suryapet,सूर्यापेट,सूर्यापेट,সূর্যাপেট
Vikarabad,विकाराबाद,विकाराबाद,বিকারাবাদ
Wanaparthy,वनापर्थी,वनापर्थी,ওয়ানাপার্থি
Warangal Rural,वारंगल ग्रामीण,वारंगल ग्रामीण,ওয়ারঙ্গল পল্লী
Warangal Urban,वारंगल शहरी,वारंगल शहरी,ওয়ারঙ্গল আরবান
Yadadri Bhuvanagiri,यदाद्री भुवनेश्वर,यदाद्री भुवनेश्वर,ইয়াদাদ্রি ভুবনগিরি
,,,
Kargil,कारगिल,कारगिल,কারগিল
Leh Ladakh,लेह लद्दाख,लेह लद्दाख,লেহ লাদাখ
,,,
Dadra And Nagar Haveli,दादरा और नगर हवेली,दादरा और नगर हवेली,দাদ্রা এবং নগর হাভেলি
Daman,दमन,दमन,দমন
Diu,दीव,दीव,দিউ
,,,
Textile and Clothing,कपड़ा और वस्त्र,कापड आणि कपडे,টেক্সটাইল এবং পোশাক
Building and Construction,भवन और निर्माण,इमारत आणि बांधकाम,বিল্ডিং এবং নির্মাণ
Auto and Auto Components,ऑटो और ऑटो घटक,ऑटो आणि ऑटो घटक,অটো এবং অটো উপাদান
Organized and UnOrganized Retail,संगठित और असंगठित खुदरा,संघटित आणि असंघटित किरकोळ,সংগঠিত এবং অসংগঠিত খুচরা
Gems and Jewellery,रत्न और आभूषण,रत्ने आणि दागिने,রত্ন এবং গহনা
IT & Computers,आईटी और कंप्यूटर,आयटी आणि संगणक,আইটি ও কম্পিউটার
Furniture and Furnishing,फर्नीचर और फर्निशिंग,फर्निचर आणि फर्निशिंग,আসবাবপত্র এবং গৃহসজ্জা
Leather and Leather Goods,चमड़ा और चमड़े का सामान,लेदर आणि लेदर वस्तू,চামড়া এবং চামড়ার জিনিস
Tourism and Hospitality,पर्यटन और सत्कार,पर्यटन आणि आतिथ्य,পর্যটন এবং আতিথেয়তা
Press '0' to go back,वापस जाने के लिए 0 दबाएं,परत जाण्यासाठी '0' दाबा,ফিরে যেতে '0' টিপুন
Powerloom Operator,पावरलूम संचालक,पॉवरलूम ऑपरेटर,পাওয়ারলুম অপারেটর
Apparel Manufacturing,परिधान निर्माण,परिधान उत्पादन,পোশাক উত্পাদন
Tailoring,टेलरिंग,टेलरिंग,টেইলরিং
Knitwear Manufacturing,बुना हुआ कपड़ा विनिर्माण,निटवेअर मॅन्युफॅक्चरिंग,নিটওয়্যার ম্যানুফ্যাকচারিং
Dyeing and Washing,रंगाई और धुलाई,रंगवणे आणि धुणे,রঞ্জনবিদ্যা এবং ধোয়া
Sewing Machine,सिलाई मशीन,शिवणकामाचे यंत्र,সেলাই যন্ত্র
Porter/Security Guard,बोझ ढोनेवाला/सुरक्षा कर्मी,कुली / सुरक्षा रक्षक,কুলি / সিকিউরিটি গার্ড
Press '0' to go back,वापस जाने के लिए 0 दबाएं,परत जाण्यासाठी '0' दाबा,ফিরে যেতে '0' টিপুন
Crane Operator,क्रेन चालक,यारी चालक,ক্রেন পরিচালনাকারী
Electrician,बिजली मिस्त्री,इलेक्ट्रीशियन,বৈদ্যুতিন
Welder,वेल्डर,वेल्डर,ওয়েলডার
Mason,मकान बनाने वाला,मेसन,ম্যাসন
Carpenter,बढ़ई,सुतार,কাঠমিস্ত্রি
Plumber,प्लम्बर,प्लंबर,প্লাম্বার
Tile Worker,टाइल कर्मचारी,टाइल कामगार,টালি শ্রমিক
Porter/Security Guard,बोझ ढोनेवाला/सुरक्षा कर्मी,कुली / सुरक्षा रक्षक,কুলি / সিকিউরিটি গার্ড
Others,अन्य,इतर,অন্যান্য
Press '0' to go back,वापस जाने के लिए 0 दबाएं,परत जाण्यासाठी '0' दाबा,ফিরে যেতে '0' টিপুন
Driver,चालक,ड्रायव्हर,ড্রাইভার
Auto Component,ऑटो कंपोनेंट,वाहन घटक,অটো উপাদান
Servicing,सर्विसिंग,सर्व्हिसिंग,সার্ভিসিং
Repair,मरम्मत,दुरुस्ती,মেরামত
Sales,बिक्री,विक्री,বিক্রয়
Insurance,बीमा,विमा,বীমা
Porter/Security Guard,बोझ ढोनेवाला/सुरक्षा कर्मी,कुली / सुरक्षा रक्षक,কুলি / সিকিউরিটি গার্ড
Press '0' to go back,वापस जाने के लिए 0 दबाएं,परत जाण्यासाठी '0' दाबा,ফিরে যেতে '0' টিপুন
Shop Floor,शॉप फ्लोर,दुकान मजला,"শপ ফ্লোর,"
Back Store,बैक स्टोर,बॅक स्टोअर,ব্যাক স্টোর
Merchandising,मर्केंडाइजिंग,मर्चेंडायझिंग,মার্চেন্ডাইজিং
Porter/Security Guard,बोझ ढोनेवाला/सुरक्षा कर्मी,कुली / सुरक्षा रक्षक,কুলি / সিকিউরিটি গার্ড
Hawker,फेरीवाला,हॉकर,হকার
Barber,नाई,नाई,নাপিত
Press '0' to go back,वापस जाने के लिए 0 दबाएं,परत जाण्यासाठी '0' दाबा,ফিরে যেতে '0' টিপুন
Fabrication,छलरचना,फॅब्रिकेशन,আবরণ
Polishing,चमकाने,पॉलिशिंग,পলিশিং
Grading,ग्रेडिंग,ग्रेडिंग,গ্রেডিং
Cutting,कटाई,कटिंग,কাটিং
Faceting,नगीने का पहल,चेहरा,মুখোমুখি
Porter/Security Guard,बोझ ढोनेवाला/सुरक्षा कर्मी,कुली / सुरक्षा रक्षक,কুলি / সিকিউরিটি গার্ড
Press '0' to go back,वापस जाने के लिए 0 दबाएं,परत जाण्यासाठी '0' दाबा,ফিরে যেতে '0' টিপুন
Electronics Repair,इलेक्ट्रॉनिक्स मरम्मत,इलेक्ट्रॉनिक्स दुरुस्ती,ইলেকট্রনিক্স মেরামত
Computer Center,कंप्यूटर केंद्र,संगणक केंद्र,কম্পিউটার কেন্দ্র
Sales,बिक्री,विक्री,বিক্রয়
Hardware Manufacturing Worker,हार्डवेयर निर्माण कर्मचारी,हार्डवेअर उत्पादन कामगार,হার্ডওয়্যার ম্যানুফ্যাকচারিং ওয়ার্কার
Hardware Networking,हार्डवेयर नेटवर्किंग,हार्डवेअर नेटवर्किंग,হার্ডওয়্যার নেটওয়ার্কিং
Software,सॉफ्टवेयर,सॉफ्टवेअर,সফটওয়্যার
Office Boy/Security Guard,पीअन,ऑफिस बॉय/सिक्युरिटी गार्ड,অফিস বয় / সিকিউরিটি গার্ড
Press '0' to go back,वापस जाने के लिए 0 दबाएं,परत जाण्यासाठी '0' दाबा,ফিরে যেতে '0' টিপুন
Carpenter,बढ़ई,सुतार,কাঠমিস্ত্রি
Stitching,सिलाई,शिलाई,সেলাই
Sewing,सिलाई,शिवणकाम,সেলাই
Stuffing,भराई,भरत आहे,স্টাফিং
Porter,बोझ ढोनेवाला,कुली,কুলি
Press '0' to go back,वापस जाने के लिए 0 दबाएं,परत जाण्यासाठी '0' दाबा,ফিরে যেতে '0' টিপুন
Tanning,टैनिंग,टॅनिंग,ট্যানিং
Cutting,कटाई,कटिंग,কাটিং
Clicking,क्लिक करना,क्लिक करत आहे,ক্লিক করা
Stitching,सिलाई,शिलाई,সেলাই
Washing,धुलाई,चिरस्थायी,ধোলাই
Lasting and Finishing,स्थायी और परिष्करण,पूर्ण होत आहे,দীর্ঘস্থায়ী এবং কাজ সমাপ্তি
Porter/Security Guard,बोझ ढोनेवाला/सुरक्षा कर्मी,कुली / सुरक्षा रक्षक,পোর্টার / সিকিউরিটি গার্ড
Press '0' to go back,वापस जाने के लिए 0 दबाएं,परत जाण्यासाठी '0' दाबा,ফিরে যেতে '0' টিপুন
Front Office and Waiter,फ्रंट ऑफिस और वेटर,फ्रंट ऑफिस आणि वेटर,ফ্রন্ট অফিস এবং ওয়েটার
F&B- Cooking,एफ एंड बी- कुकिंग,F आणि B- पाककला,এফ এবং বি রান্না
Kitchen Duties,रसोई कर्तव्य,स्वयंपाकघर कर्तव्ये,রান্নাঘর কর্তব্য
Housekeeping,गृह व्यवस्था,घरकाम,গৃহস্থালি
Ticketing,टिकट लेना,तिकीट,টিকিট
Tour Guide,टूर गाइड,पर्यटन मार्गदर्शक,ভ্রমণ প্রদর্শক
Sales,बिक्री,विक्री,বিক্রয়
Porter/Security Guard,बोझ ढोनेवाला/सुरक्षा कर्मी,कुली / सुरक्षा रक्षक,পোর্টার / সিকিউরিটি গার্ড
Press '0' to go back,वापस जाने के लिए 0 दबाएं,परत जाण्यासाठी '0' दाबा,ফিরে যেতে '0' টিপুন
Cultivation,खेती,लागवड,ফসলের চাষ
Manual Labor,शारीरिक श्रम,हातमजूर,কায়িক শ্রম
Livestock rearing,पशु धन पालन,पशुधन पालन,পশুপালন পালন
Press '0' to go back,वापस जाने के लिए 0 दबाएं,परत जाण्यासाठी '0' दाबा,ফিরে যেতে '0' টিপুন
Machine Operator,यंत्र चालक,यंत्र चालवणारा,মেশিন অপারেটর
Laborer,मज़दूर,मजूर,শ্রমজীবী
Press '0' to go back,वापस जाने के लिए 0 दबाएं,परत जाण्यासाठी '0' दाबा,ফিরে যেতে '0' টিপুন
Maid,नौकरानी,मोलकरीण,দাসী
Cook,रसोइया,कूक,কুক
Personal Errands,व्यक्तिगत त्रुटियाँ,वैयक्तिक काम,ব্যক্তিগত কাজগুলি
Security,सुरक्षा,सुरक्षा,সুরক্ষা
Nurse,नर्स,नर्स,নার্স
Others,अन्य,इतर,অন্যান্য
Press '0' to go back,वापस जाने के लिए 0 दबाएं,परत जाण्यासाठी '0' दाबा,ফিরে যেতে '0' টিপুন
,,,
Less than Rs. 8000,रु 8000 से कम,रु. पेक्षा कमी 8000,"8000 টাকারও কম,"
Rs. 8000-14000,रु 8000-14000,रु. 8000-14000,8000-14000 টাকা
Rs. 14000-20000,रु 14000-20000,रु. 14000-20000,14000-20000 টাকা
Rs. 20000+,रु 20000+,रु. 20000+,20000++
,,,
0 to 1 years,0 से 1 वर्ष,0 ते 1 वर्षे,"0 থেকে 1 বছর,"
1 to 3 years,1 से 3 वर्ष,1 ते 3 वर्षे,1 থেকে 3 বছর
3 to 5 years,3 से 5 वर्ष,3 ते 5 वर्षे,3 থেকে 5 বছর
5 to 10 years,5 से 10 वर्ष,5 ते 10 वर्षे,5 থেকে 10 বছর
10 to 20 years,10 से 20 वर्ष,10 ते 20 वर्षे,10 থেকে 20 বছর
20+ years,20+ वर्ष,20+ वर्षे,20+ বছর